schedule_id,link
597017006,/schedule/597017006.xml
597016700,/schedule/597016700.xml
597016271,/schedule/597016271.xml
597003911,/schedule/597003911.xml
597003366,/schedule/597003366.xml
597002607,/schedule/597002607.xml
597001935,/schedule/597001935.xml
597000639,/schedule/597000639.xml
596996199,/schedule/596996199.xml
596995254,/schedule/596995254.xml
596984897,/schedule/596984897.xml
596983749,/schedule/596983749.xml
596979244,/schedule/596979244.xml
596977966,/schedule/596977966.xml
596971664,/schedule/596971664.xml
596970218,/schedule/596970218.xml
596968737,/schedule/596968737.xml
596966485,/schedule/596966485.xml
596964855,/schedule/596964855.xml
596963608,/schedule/596963608.xml
